#{"t_start": 1682334169.0492396, "env_id": "SuperMarioBros-v0"}
r,l,t
2259.0,1175,19.282894
1627.0,875,32.067819
1665.0,1105,48.626173
